{
	"SpreadOfObstacles": 80.918367,
	"PeakCongestion": 0.669184,
	"AverageOfObsDistances": 60.061630,
	"StddevOfObsDistances": 52.363731,
	"AverageCongestion": 0.127241,
	"NumberOfObstacles": 200,
	"ObstacleList": {
		[[37.3367,-62.6633],[32.6633,-67.3367]],
		[[17.3367,-52.6633],[12.6633,-57.3367]],
		[[-12.6633,-42.6633],[-17.3367,-47.3367]],
		[[-12.6633,-32.6633],[-17.3367,-37.3367]],
		[[7.33674,-32.6633],[2.66326,-37.3367]],
		[[37.3367,-32.6633],[32.6633,-37.3367]],
		[[27.3367,-22.6633],[22.6633,-27.3367]],
		[[37.3367,-22.6633],[32.6633,-27.3367]],
		[[-12.6633,-12.6633],[-17.3367,-17.3367]],
		[[-2.66326,-12.6633],[-7.33674,-17.3367]],
		[[17.3367,-12.6633],[12.6633,-17.3367]],
		[[47.3367,-12.6633],[42.6633,-17.3367]],
		[[-32.6633,-2.66326],[-37.3367,-7.33674]],
		[[-22.6633,-2.66326],[-27.3367,-7.33674]],
		[[-12.6633,-2.66326],[-17.3367,-7.33674]],
		[[17.3367,-2.66326],[12.6633,-7.33674]],
		[[27.3367,-2.66326],[22.6633,-7.33674]],
		[[57.3367,-2.66326],[52.6633,-7.33674]],
		[[-12.6633,7.33674],[-17.3367,2.66326]],
		[[17.3367,7.33674],[12.6633,2.66326]],
		[[27.3367,7.33674],[22.6633,2.66326]],
		[[37.3367,7.33674],[32.6633,2.66326]],
		[[-2.66326,17.3367],[-7.33674,12.6633]],
		[[7.33674,17.3367],[2.66326,12.6633]],
		[[17.3367,17.3367],[12.6633,12.6633]],
		[[37.3367,17.3367],[32.6633,12.6633]],
		[[-12.6633,27.3367],[-17.3367,22.6633]],
		[[-2.66326,27.3367],[-7.33674,22.6633]],
		[[17.3367,27.3367],[12.6633,22.6633]],
		[[27.3367,27.3367],[22.6633,22.6633]],
		[[7.33674,37.3367],[2.66326,32.6633]],
		[[137.337,37.3367],[132.663,32.6633]],
		[[-2.66326,47.3367],[-7.33674,42.6633]],
		[[17.3367,47.3367],[12.6633,42.6633]],
		[[237.337,47.3367],[232.663,42.6633]],
		[[-2.66326,57.3367],[-7.33674,52.6633]],
		[[7.33674,57.3367],[2.66326,52.6633]],
		[[17.3367,57.3367],[12.6633,52.6633]],
		[[37.3367,57.3367],[32.6633,52.6633]],
		[[-2.66326,67.3367],[-7.33674,62.6633]],
		[[247.337,67.3367],[242.663,62.6633]],
		[[-42.6633,77.3367],[-47.3367,72.6633]],
		[[207.337,87.3367],[202.663,82.6633]],
		[[247.337,87.3367],[242.663,82.6633]],
		[[307.337,87.3367],[302.663,82.6633]],
		[[157.337,97.3367],[152.663,92.6633]],
		[[177.337,97.3367],[172.663,92.6633]],
		[[217.337,97.3367],[212.663,92.6633]],
		[[197.337,107.337],[192.663,102.663]],
		[[207.337,107.337],[202.663,102.663]],
		[[237.337,107.337],[232.663,102.663]],
		[[127.337,117.337],[122.663,112.663]],
		[[167.337,117.337],[162.663,112.663]],
		[[207.337,117.337],[202.663,112.663]],
		[[217.337,117.337],[212.663,112.663]],
		[[227.337,117.337],[222.663,112.663]],
		[[297.337,117.337],[292.663,112.663]],
		[[247.337,127.337],[242.663,122.663]],
		[[257.337,127.337],[252.663,122.663]],
		[[117.337,137.337],[112.663,132.663]],
		[[157.337,137.337],[152.663,132.663]],
		[[177.337,137.337],[172.663,132.663]],
		[[187.337,137.337],[182.663,132.663]],
		[[207.337,137.337],[202.663,132.663]],
		[[217.337,137.337],[212.663,132.663]],
		[[257.337,137.337],[252.663,132.663]],
		[[277.337,137.337],[272.663,132.663]],
		[[287.337,137.337],[282.663,132.663]],
		[[117.337,147.337],[112.663,142.663]],
		[[157.337,147.337],[152.663,142.663]],
		[[177.337,147.337],[172.663,142.663]],
		[[187.337,147.337],[182.663,142.663]],
		[[197.337,147.337],[192.663,142.663]],
		[[207.337,147.337],[202.663,142.663]],
		[[217.337,147.337],[212.663,142.663]],
		[[227.337,147.337],[222.663,142.663]],
		[[237.337,147.337],[232.663,142.663]],
		[[257.337,147.337],[252.663,142.663]],
		[[347.337,147.337],[342.663,142.663]],
		[[147.337,157.337],[142.663,152.663]],
		[[267.337,157.337],[262.663,152.663]],
		[[277.337,157.337],[272.663,152.663]],
		[[117.337,167.337],[112.663,162.663]],
		[[137.337,167.337],[132.663,162.663]],
		[[147.337,167.337],[142.663,162.663]],
		[[257.337,167.337],[252.663,162.663]],
		[[267.337,167.337],[262.663,162.663]],
		[[287.337,167.337],[282.663,162.663]],
		[[337.337,167.337],[332.663,162.663]],
		[[107.337,177.337],[102.663,172.663]],
		[[117.337,177.337],[112.663,172.663]],
		[[137.337,177.337],[132.663,172.663]],
		[[257.337,177.337],[252.663,172.663]],
		[[267.337,177.337],[262.663,172.663]],
		[[277.337,177.337],[272.663,172.663]],
		[[297.337,177.337],[292.663,172.663]],
		[[127.337,187.337],[122.663,182.663]],
		[[257.337,187.337],[252.663,182.663]],
		[[267.337,187.337],[262.663,182.663]],
		[[277.337,187.337],[272.663,182.663]],
		[[287.337,187.337],[282.663,182.663]],
		[[317.337,187.337],[312.663,182.663]],
		[[67.3367,197.337],[62.6633,192.663]],
		[[97.3367,197.337],[92.6633,192.663]],
		[[137.337,197.337],[132.663,192.663]],
		[[257.337,197.337],[252.663,192.663]],
		[[297.337,197.337],[292.663,192.663]],
		[[357.337,197.337],[352.663,192.663]],
		[[97.3367,207.337],[92.6633,202.663]],
		[[107.337,207.337],[102.663,202.663]],
		[[117.337,207.337],[112.663,202.663]],
		[[127.337,207.337],[122.663,202.663]],
		[[147.337,207.337],[142.663,202.663]],
		[[257.337,207.337],[252.663,202.663]],
		[[267.337,207.337],[262.663,202.663]],
		[[277.337,207.337],[272.663,202.663]],
		[[297.337,207.337],[292.663,202.663]],
		[[307.337,207.337],[302.663,202.663]],
		[[127.337,217.337],[122.663,212.663]],
		[[147.337,217.337],[142.663,212.663]],
		[[267.337,217.337],[262.663,212.663]],
		[[297.337,217.337],[292.663,212.663]],
		[[307.337,217.337],[302.663,212.663]],
		[[317.337,217.337],[312.663,212.663]],
		[[327.337,217.337],[322.663,212.663]],
		[[107.337,227.337],[102.663,222.663]],
		[[127.337,227.337],[122.663,222.663]],
		[[147.337,227.337],[142.663,222.663]],
		[[257.337,227.337],[252.663,222.663]],
		[[277.337,227.337],[272.663,222.663]],
		[[47.3367,237.337],[42.6633,232.663]],
		[[137.337,237.337],[132.663,232.663]],
		[[147.337,237.337],[142.663,232.663]],
		[[267.337,237.337],[262.663,232.663]],
		[[287.337,237.337],[282.663,232.663]],
		[[297.337,237.337],[292.663,232.663]],
		[[317.337,237.337],[312.663,232.663]],
		[[327.337,237.337],[322.663,232.663]],
		[[97.3367,247.337],[92.6633,242.663]],
		[[117.337,247.337],[112.663,242.663]],
		[[127.337,247.337],[122.663,242.663]],
		[[137.337,247.337],[132.663,242.663]],
		[[147.337,247.337],[142.663,242.663]],
		[[257.337,247.337],[252.663,242.663]],
		[[267.337,247.337],[262.663,242.663]],
		[[297.337,247.337],[292.663,242.663]],
		[[307.337,247.337],[302.663,242.663]],
		[[147.337,257.337],[142.663,252.663]],
		[[157.337,257.337],[152.663,252.663]],
		[[167.337,257.337],[162.663,252.663]],
		[[177.337,257.337],[172.663,252.663]],
		[[187.337,257.337],[182.663,252.663]],
		[[207.337,257.337],[202.663,252.663]],
		[[217.337,257.337],[212.663,252.663]],
		[[227.337,257.337],[222.663,252.663]],
		[[267.337,257.337],[262.663,252.663]],
		[[277.337,257.337],[272.663,252.663]],
		[[287.337,257.337],[282.663,252.663]],
		[[107.337,267.337],[102.663,262.663]],
		[[117.337,267.337],[112.663,262.663]],
		[[157.337,267.337],[152.663,262.663]],
		[[167.337,267.337],[162.663,262.663]],
		[[177.337,267.337],[172.663,262.663]],
		[[187.337,267.337],[182.663,262.663]],
		[[197.337,267.337],[192.663,262.663]],
		[[207.337,267.337],[202.663,262.663]],
		[[227.337,267.337],[222.663,262.663]],
		[[247.337,267.337],[242.663,262.663]],
		[[257.337,267.337],[252.663,262.663]],
		[[277.337,267.337],[272.663,262.663]],
		[[287.337,267.337],[282.663,262.663]],
		[[137.337,277.337],[132.663,272.663]],
		[[187.337,277.337],[182.663,272.663]],
		[[217.337,277.337],[212.663,272.663]],
		[[237.337,277.337],[232.663,272.663]],
		[[257.337,277.337],[252.663,272.663]],
		[[267.337,277.337],[262.663,272.663]],
		[[157.337,287.337],[152.663,282.663]],
		[[167.337,287.337],[162.663,282.663]],
		[[177.337,287.337],[172.663,282.663]],
		[[207.337,287.337],[202.663,282.663]],
		[[227.337,287.337],[222.663,282.663]],
		[[267.337,287.337],[262.663,282.663]],
		[[107.337,297.337],[102.663,292.663]],
		[[137.337,297.337],[132.663,292.663]],
		[[237.337,297.337],[232.663,292.663]],
		[[257.337,297.337],[252.663,292.663]],
		[[267.337,297.337],[262.663,292.663]],
